Name;URL;Region;Altitude (m);Highest Lift Altitude (m);Slope Length (km);Longest Run (km);Lift Count
AIME LA PLAGNE;https://www.igluski.com/ski-resorts/france/aime-la-plagne;FRANCE;2100;3250;225;10;139
ALPE D'HUEZ;https://www.igluski.com/ski-resorts/france/alpe-d-huez;FRANCE;1850;3300;249;16;82
ARDENT;https://www.igluski.com/ski-resorts/france/ardent;FRANCE;1200;2350;650;6;206
ARGENTIERE;https://www.igluski.com/ski-resorts/france/argentiere;FRANCE;1250;3280;762;24;10
AURIS EN OISANS;https://www.igluski.com/ski-resorts/france/auris-en-oisans;FRANCE;1600;3300;249;16;82
AVORIAZ;https://www.igluski.com/ski-resorts/france/avoriaz;FRANCE;950;2450;650;11;107
AX LES THERMES;https://www.igluski.com/ski-resorts/france/ax-les-thermes;FRANCE;1400;2400;75;-1;17
BARÈGES;https://www.igluski.com/ski-resorts/france/bareges;FRANCE;1250;2350;120;-1;47
BELLE  PLAGNE;https://www.igluski.com/ski-resorts/france/belle-plagne;FRANCE;2050;3250;425;10;139
BOURG-ST-MAURICE;https://www.igluski.com/ski-resorts/france/bourg-st-maurice;FRANCE;1600;3226;425;10;171
BRIDES LES BAINS;https://www.igluski.com/ski-resorts/france/brides-les-bains;FRANCE;600;3200;600;5;198
CAUTERETS;https://www.igluski.com/ski-resorts/france/cauterets;FRANCE;1850;2415;-1;7;15
CHAMONIX;https://www.igluski.com/ski-resorts/france/chamonix;FRANCE;1035;3777;762;24;64
CHAMPAGNY EN VANOISE;https://www.igluski.com/ski-resorts/france/champagny-en-vanoise;FRANCE;1250;3250;425;10;139
CHAMROUSSE;https://www.igluski.com/ski-resorts/france/chamrousse;FRANCE;1650;2250;90;-1;16
CHATEL;https://www.igluski.com/ski-resorts/france/chatel;FRANCE;1200;2350;650;8;206
COURCHEVEL;https://www.igluski.com/ski-resorts/france/courchevel;FRANCE;1850;2740;150;9;67
COURCHEVEL 1650;https://www.igluski.com/ski-resorts/france/courchevel-1650;FRANCE;1650;2740;150;9;67
COURCHEVEL 1850;https://www.igluski.com/ski-resorts/france/courchevel-1850;FRANCE;1850;2740;150;9;67
COURCHEVEL LE PRAZ;https://www.igluski.com/ski-resorts/france/courchevel-le-praz;FRANCE;1300;2740;150;9;67
COURCHEVEL VILLAGE;https://www.igluski.com/ski-resorts/france/courchevel-village;FRANCE;1550;2740;150;9;67
FLAINE;https://www.igluski.com/ski-resorts/france/flaine;FRANCE;1600;2500;265;14;77
FONT ROMEU;https://www.igluski.com/ski-resorts/france/font-romeu;FRANCE;1650;2213;43;-1;23
ISOLA 2000;https://www.igluski.com/ski-resorts/france/isola-2000;FRANCE;2000;2603;120;2;22
LA CLUSAZ;https://www.igluski.com/ski-resorts/france/la-clusaz;FRANCE;1100;2600;220;4;45
LA GRAVE;https://www.igluski.com/ski-resorts/france/la-grave;FRANCE;1400;3550;12;9;5
Skiing in France;https://www.igluski.com/ski-resorts/france/la-joue-du-loup;;-1;-1;-1;-1;-1
LA PLAGNE;https://www.igluski.com/ski-resorts/france/la-plagne;FRANCE;2100;3250;225;6;105
LA PLAGNE 1800;https://www.igluski.com/ski-resorts/france/la-plagne-1800;FRANCE;1800;3250;225;6;105
LA ROSIERE;https://www.igluski.com/ski-resorts/france/la-rosiere;FRANCE;1850;2800;160;13;37
LA TANIA;https://www.igluski.com/ski-resorts/france/la-tania;FRANCE;1350;3200;600;5;198
LA TOUSSUIRE;https://www.igluski.com/ski-resorts/france/la-toussuire;FRANCE;1800;2620;45;3;19
LE CORBIER;https://www.igluski.com/ski-resorts/france/le-corbier;FRANCE;1550;2620;310;-1;78
LE GRAND BORNAND;https://www.igluski.com/ski-resorts/france/le-grand-bornand;FRANCE;1000;2100;90;6;31
LES ANGLES;https://www.igluski.com/ski-resorts/france/les-angles;FRANCE;1650;2400;55;-1;22
LES ARC PEISEY VALLANDRY;https://www.igluski.com/ski-resorts/france/les-arc-peisey-vallandry;FRANCE;1600;3230;200;-1;82
LES ARCS;https://www.igluski.com/ski-resorts/france/les-arcs;FRANCE;1600;3226;200;7;55
LES ARCS 1600;https://www.igluski.com/ski-resorts/france/les-arcs-1600;FRANCE;1600;3250;200;-1;82
LES ARCS 1800;https://www.igluski.com/ski-resorts/france/les-arcs-1800;FRANCE;1800;3250;200;-1;82
LES ARCS 1950;https://www.igluski.com/ski-resorts/france/les-arcs-1950;FRANCE;1950;3250;200;-1;82
LES ARCS 2000;https://www.igluski.com/ski-resorts/france/les-arcs-2000;FRANCE;2000;3250;200;-1;82
LES CARROZ D'ARRACHES;https://www.igluski.com/ski-resorts/france/les-carroz-d-arraches;FRANCE;1140;2480;265;-1;16
LES COCHES;https://www.igluski.com/ski-resorts/france/les-coches;FRANCE;1450;2100;212;10;139
LES CONTAMINES;https://www.igluski.com/ski-resorts/france/les-contamines;FRANCE;1164;2500;120;-1;24
LES DEUX ALPES;https://www.igluski.com/ski-resorts/france/les-deux-alpes;FRANCE;1651;3600;220;16;43
LES GETS;https://www.igluski.com/ski-resorts/france/les-gets;FRANCE;950;2450;650;11;107
LES HOUCHES;https://www.igluski.com/ski-resorts/france/les-houches;FRANCE;1010;1900;55;-1;18
LES MENUIRES;https://www.igluski.com/ski-resorts/france/les-menuires;FRANCE;1815;3230;600;12;183
LES ORRES;https://www.igluski.com/ski-resorts/france/les-orres;FRANCE;1650;2720;63;6;25
LES PRAZ DE CHAMONIX;https://www.igluski.com/ski-resorts/france/les-praz-de-chamonix;FRANCE;1035;3864;762;24;50
LES PRODAINS;https://www.igluski.com/ski-resorts/france/les-prodains;FRANCE;1800;2460;-1;-1;34
LES SAISIES;https://www.igluski.com/ski-resorts/france/les-saisies;FRANCE;1650;2000;185;70;24
Skiing in France;https://www.igluski.com/ski-resorts/france/loudenvielle;;-1;-1;-1;-1;-1
LUCHON (SUPERBAGNERES);https://www.igluski.com/ski-resorts/france/luchon-superbagneres;FRANCE;630;2260;35;-1;13
MEGEVE;https://www.igluski.com/ski-resorts/france/megeve;FRANCE;1100;2350;325;3;102
MERIBEL;https://www.igluski.com/ski-resorts/france/meribel;FRANCE;1450;3230;600;12;183
MERIBEL;https://www.igluski.com/ski-resorts/france/meribel-les-allues;FRANCE;1450;3230;600;12;183
MERIBEL VILLAGE;https://www.igluski.com/ski-resorts/france/meribel-village;FRANCE;1400;2950;150;1;61
MERIBEL-MOTTARET;https://www.igluski.com/ski-resorts/france/meribel-mottaret;FRANCE;1750;3230;600;12;183
MONTCHAVIN;https://www.igluski.com/ski-resorts/france/montchavin;FRANCE;1200;3250;225;6;105
MONTGENEVRE;https://www.igluski.com/ski-resorts/france/montgenevre;FRANCE;1850;2700;400;7;70
MORILLON;https://www.igluski.com/ski-resorts/france/morillon;FRANCE;1100;2500;265;7;48
MORZINE;https://www.igluski.com/ski-resorts/france/morzine;FRANCE;1000;2350;650;6;206
NOTRE DAME;https://www.igluski.com/ski-resorts/france/notre-dame;FRANCE;1150;2070;192;-1;81
ORELLE;https://www.igluski.com/ski-resorts/france/orelle;FRANCE;800;2360;150;5;29
OZ EN OISANS;https://www.igluski.com/ski-resorts/france/oz-en-oisans;FRANCE;1350;3300;249;16;82
PLAGNE BELLECOTE;https://www.igluski.com/ski-resorts/france/plagne-bellecote;FRANCE;2100;3250;225;6;105
PLAGNE CENTRE;https://www.igluski.com/ski-resorts/france/plagne-centre;FRANCE;2100;3250;225;6;105
PLAGNE MONTALBERT;https://www.igluski.com/ski-resorts/france/plagne-montalbert;FRANCE;2100;3250;225;6;105
PLAGNE SOLEIL;https://www.igluski.com/ski-resorts/france/plagne-soleil;FRANCE;2100;3250;225;6;105
PLAGNE VILLAGE;https://www.igluski.com/ski-resorts/france/plagne-village;FRANCE;2100;3250;225;6;105
PRA LOUP;https://www.igluski.com/ski-resorts/france/pra-loup;FRANCE;1500;2600;180;6;24
PRALOGNAN;https://www.igluski.com/ski-resorts/france/pralognan;FRANCE;1410;2350;26;1;12
PRAZ DE LYS;https://www.igluski.com/ski-resorts/france/praz-de-lys;FRANCE;1450;1980;60;-1;24
REBERTY;https://www.igluski.com/ski-resorts/france/reberty;FRANCE;1815;3200;600;5;198
RISOUL;https://www.igluski.com/ski-resorts/france/risoul;FRANCE;1850;2750;180;8;55
SAINTE FOY;https://www.igluski.com/ski-resorts/france/sainte-foy;FRANCE;1550;2620;30;-1;5
SAMOENS;https://www.igluski.com/ski-resorts/france/samoens;FRANCE;1600;2500;265;14;77
SERRE CHEVALIER;https://www.igluski.com/ski-resorts/france/serre-chevalier;FRANCE;1350;2730;250;8;74
ST FRANCOIS LONGCHAMP;https://www.igluski.com/ski-resorts/france/st-francois-longchamp;FRANCE;1650;2550;160;-1;52
ST GERVAIS;https://www.igluski.com/ski-resorts/france/st-gervais;FRANCE;850;2350;500;-1;116
ST JEAN D'ARVES;https://www.igluski.com/ski-resorts/france/st-jean-d-arves;FRANCE;1600;2620;310;-1;25
ST LARY SOULAN;https://www.igluski.com/ski-resorts/france/st-lary-soulan;FRANCE;1700;2450;100;4;31
ST MARTIN DE BELLEVILLE;https://www.igluski.com/ski-resorts/france/st-martin-de-belleville;FRANCE;1400;3200;600;5;198
ST SORLIN D'ARVES;https://www.igluski.com/ski-resorts/france/st-sorlin-d-arves;FRANCE;1600;2620;300;7;70
TIGNES;https://www.igluski.com/ski-resorts/france/tignes;FRANCE;2100;3450;300;10;89
TIGNES LE LAC;https://www.igluski.com/ski-resorts/france/tignes-le-lac;FRANCE;2100;3450;300;10;89
TIGNES LE LAVACHET;https://www.igluski.com/ski-resorts/france/tignes-le-lavachet;FRANCE;2100;3450;300;10;89
TIGNES LES BOISSES;https://www.igluski.com/ski-resorts/france/tignes-les-boisses;FRANCE;1800;3450;300;10;89
TIGNES LES BREVIERES;https://www.igluski.com/ski-resorts/france/tignes-les-brevieres;FRANCE;1550;3450;300;10;89
TIGNES VAL CLARET;https://www.igluski.com/ski-resorts/france/tignes-val-claret;FRANCE;2100;3450;300;10;89
VAL CENIS;https://www.igluski.com/ski-resorts/france/val-cenis;FRANCE;1400;2800;80;5;22
VAL D'ISERE;https://www.igluski.com/ski-resorts/france/val-d-isere;FRANCE;1850;3450;300;10;89
VAL THORENS;https://www.igluski.com/ski-resorts/france/val-thorens;FRANCE;2300;3230;600;12;183
VALFREJUS;https://www.igluski.com/ski-resorts/france/valfrejus;FRANCE;1550;2737;52;-1;12
VALLOIRE/VALMEINIER;https://www.igluski.com/ski-resorts/france/valloire-valmeinier;FRANCE;1430;2594;150;9;33
VALMOREL;https://www.igluski.com/ski-resorts/france/valmorel;FRANCE;1400;2550;152;4;52
VARS;https://www.igluski.com/ski-resorts/france/vars;FRANCE;1850;2750;180;8;54
VAUJANY;https://www.igluski.com/ski-resorts/france/vaujany;FRANCE;1250;3300;250;16;84
VILLARD DE LANS;https://www.igluski.com/ski-resorts/france/villard-de-lans;FRANCE;1050;2170;125;6;27
ALPBACH;https://www.igluski.com/ski-resorts/austria/alpbach;AUSTRIA;1000;2025;145;7;47
ALPENDORF;https://www.igluski.com/ski-resorts/austria/alpendorf;AUSTRIA;600;1200;-1;-1;19
ALTENMARKT;https://www.igluski.com/ski-resorts/austria/altenmarkt;AUSTRIA;842;2686;760;5;8
AXAMER LIZUM;https://www.igluski.com/ski-resorts/austria/axamer-lizum;AUSTRIA;868;2340;75;7;10
BAD GASTEIN;https://www.igluski.com/ski-resorts/austria/bad-gastein;AUSTRIA;1080;2686;250;8;49
BAD HOFGASTEIN;https://www.igluski.com/ski-resorts/austria/bad-hofgastein;AUSTRIA;870;2686;208;8;49
BAD KLEINKIRCHHEIM;https://www.igluski.com/ski-resorts/austria/bad-kleinkirchheim;AUSTRIA;1070;2310;100;4;26
BRAND AND BÜRSERBERG;https://www.igluski.com/ski-resorts/austria/brand-and-burserberg;AUSTRIA;1037;2000;55;5;9
BRIXEN IM THALE;https://www.igluski.com/ski-resorts/austria/brixen-im-thale;AUSTRIA;800;1830;280;7;90
DÖLLACH;https://www.igluski.com/ski-resorts/austria/dollach;AUSTRIA;1024;2989;55;-1;12
DORFGASTEIN;https://www.igluski.com/ski-resorts/austria/dorfgastein;AUSTRIA;860;2033;205;8;17
EHRWALD;https://www.igluski.com/ski-resorts/austria/ehrwald;AUSTRIA;1000;2964;28;4;8
ELLMAU;https://www.igluski.com/ski-resorts/austria/ellmau;AUSTRIA;820;1956;280;8;95
FIEBERBRUNN;https://www.igluski.com/ski-resorts/austria/fieberbrunn;AUSTRIA;800;2020;270;7;70
FILZMOOS;https://www.igluski.com/ski-resorts/austria/filzmoos;AUSTRIA;1057;1770;12;-1;13
FINKENBERG;https://www.igluski.com/ski-resorts/austria/finkenberg;AUSTRIA;840;3250;157;6;-1
FISS;https://www.igluski.com/ski-resorts/austria/fiss;AUSTRIA;1200;2820;212;10;68
FLACHAU;https://www.igluski.com/ski-resorts/austria/flachau;AUSTRIA;925;1980;350;-1;-1
FUGEN;https://www.igluski.com/ski-resorts/austria/fugen;AUSTRIA;560;2410;17;7;9
FULPMES;https://www.igluski.com/ski-resorts/austria/fulpmes;AUSTRIA;1000;2240;130;-1;12
GALTUR;https://www.igluski.com/ski-resorts/austria/galtur;AUSTRIA;1585;2295;40;-1;-1
GASCHURN;https://www.igluski.com/ski-resorts/austria/gaschurn;AUSTRIA;1000;2300;152;-1;-1
GERLOS;https://www.igluski.com/ski-resorts/austria/gerlos;AUSTRIA;1250;2502;143;8;52
GOING;https://www.igluski.com/ski-resorts/austria/going;AUSTRIA;800;1550;280;-1;90
GOLLING;https://www.igluski.com/ski-resorts/austria/golling;AUSTRIA;-1;-1;-1;-1;-1
GOSAU;https://www.igluski.com/ski-resorts/austria/gosau;AUSTRIA;780;1620;141;-1;61
GÖTZENS;https://www.igluski.com/ski-resorts/austria/gotzens;AUSTRIA;868;-1;-1;7;14
GROSSARLTAL;https://www.igluski.com/ski-resorts/austria/grossarltal;AUSTRIA;868;2033;73;8;17
HEILIGENBLUT;https://www.igluski.com/ski-resorts/austria/heiligenblut;AUSTRIA;1300;2910;55;9;12
HINTERGLEMM;https://www.igluski.com/ski-resorts/austria/hinterglemm;AUSTRIA;1003;2096;200;7;54
HINTERSTODER;https://www.igluski.com/ski-resorts/austria/hinterstoder;AUSTRIA;600;1860;62;-1;14
HIPPACH;https://www.igluski.com/ski-resorts/austria/hippach;AUSTRIA;630;3250;530;5;58
HOCHGURGL;https://www.igluski.com/ski-resorts/austria/hochgurgl;AUSTRIA;2150;3000;-1;-1;-1
HOCHRINDL;https://www.igluski.com/ski-resorts/austria/hochrindl;AUSTRIA;1540;1886;21;12;7
HOCHSÖLDEN;https://www.igluski.com/ski-resorts/austria/hochsolden;AUSTRIA;2090;3250;146;15;40
HOPFGARTEN;https://www.igluski.com/ski-resorts/austria/hopfgarten;AUSTRIA;662;1865;250;-1;-1
IGLS;https://www.igluski.com/ski-resorts/austria/igls;AUSTRIA;870;2247;12;-1;8
INNSBRUCK;https://www.igluski.com/ski-resorts/austria/innsbruck;AUSTRIA;575;3200;270;-1;80
ISCHGL;https://www.igluski.com/ski-resorts/austria/ischgl;AUSTRIA;1400;2872;230;14;48
KAPPL;https://www.igluski.com/ski-resorts/austria/kappl;AUSTRIA;1260;2700;42;-1;10
KAPRUN;https://www.igluski.com/ski-resorts/austria/kaprun;AUSTRIA;775;3029;132;8;56
KATSCHBERG;https://www.igluski.com/ski-resorts/austria/katschberg;AUSTRIA;1641;2220;66;4;16
KIRCHBERG;https://www.igluski.com/ski-resorts/austria/kirchberg;AUSTRIA;860;1965;164;7;54
KIRCHDORF;https://www.igluski.com/ski-resorts/austria/kirchdorf;AUSTRIA;640;850;5;4;-1
KITZBUHEL;https://www.igluski.com/ski-resorts/austria/kitzbuhel;AUSTRIA;760;2004;185;8;61
KUHTAI;https://www.igluski.com/ski-resorts/austria/kuhtai;AUSTRIA;2020;2811;40;6;12
LECH;https://www.igluski.com/ski-resorts/austria/lech;AUSTRIA;1450;2450;305;5;85
LEOGANG;https://www.igluski.com/ski-resorts/austria/leogang;AUSTRIA;840;2096;270;8;70
MARIA ALM;https://www.igluski.com/ski-resorts/austria/maria-alm;AUSTRIA;850;2000;160;9;37
MAYRHOFEN;https://www.igluski.com/ski-resorts/austria/mayrhofen;AUSTRIA;630;3250;600;6;52
MITTERSILL - KITZBUHEL;https://www.igluski.com/ski-resorts/austria/mittersill---kitzbuhel;AUSTRIA;787;2004;170;8;61
NASSFELD;https://www.igluski.com/ski-resorts/austria/nassfeld;AUSTRIA;610;2020;110;8;30
NEUSTIFT;https://www.igluski.com/ski-resorts/austria/neustift;AUSTRIA;1000;3210;140;10;-1
NIEDERAU/OBERAU;https://www.igluski.com/ski-resorts/austria/niederau-oberau;AUSTRIA;826;1903;48;7;47
OBERGURGL;https://www.igluski.com/ski-resorts/austria/obergurgl;AUSTRIA;1930;3080;110;9;24
OBERLECH;https://www.igluski.com/ski-resorts/austria/oberlech;AUSTRIA;1600;2811;276;5;11
OBERTAUERN;https://www.igluski.com/ski-resorts/austria/obertauern;AUSTRIA;1738;2526;95;-1;26
OETZ/OETZTAL;https://www.igluski.com/ski-resorts/austria/oetz-oetztal;AUSTRIA;820;2020;27;-1;11
RAURIS;https://www.igluski.com/ski-resorts/austria/rauris;AUSTRIA;950;2200;25;3;10
REITH IM ALPBACHTAL;https://www.igluski.com/ski-resorts/austria/reith-im-alpbachtal;AUSTRIA;637;2025;109;7;47
SAALBACH;https://www.igluski.com/ski-resorts/austria/saalbach;AUSTRIA;1003;2096;270;7;70
SCHEFFAU;https://www.igluski.com/ski-resorts/austria/scheffau;AUSTRIA;752;1956;250;8;93
SCHLADMING;https://www.igluski.com/ski-resorts/austria/schladming;AUSTRIA;745;2700;175;8;93
SEE;https://www.igluski.com/ski-resorts/austria/see;AUSTRIA;1000;2450;33;-1;9
SEEFELD;https://www.igluski.com/ski-resorts/austria/seefeld;AUSTRIA;1207;2100;50;7;31
SERFAUS;https://www.igluski.com/ski-resorts/austria/serfaus;AUSTRIA;1200;2820;150;-1;68
SILVRETTA MONTAFON;https://www.igluski.com/ski-resorts/austria/silvretta-montafon;AUSTRIA;2430;700;140;12;37
SOLDEN;https://www.igluski.com/ski-resorts/austria/solden;AUSTRIA;1350;3250;146;15;33
SOLL;https://www.igluski.com/ski-resorts/austria/soll;AUSTRIA;703;1956;250;8;94
ST ANTON;https://www.igluski.com/ski-resorts/austria/st-anton;AUSTRIA;1304;2811;305;9;88
ST CHRISTOPH;https://www.igluski.com/ski-resorts/austria/st-christoph;AUSTRIA;1304;2811;348;9;97
ST JOHANN IN PONGAU;https://www.igluski.com/ski-resorts/austria/st-johann-in-pongau;AUSTRIA;600;2000;300;-1;44
ST JOHANN IN TIROL;https://www.igluski.com/ski-resorts/austria/st-johann-in-tirol;AUSTRIA;700;2030;60;5;17
ST WOLFGANG;https://www.igluski.com/ski-resorts/austria/st-wolfgang;AUSTRIA;540;1900;153;9;-1
STUBEN;https://www.igluski.com/ski-resorts/austria/stuben;AUSTRIA;1304;2811;348;9;97
TSCHAGGUNS;https://www.igluski.com/ski-resorts/austria/tschagguns;AUSTRIA;700;2430;295;12;36
WAGRAIN;https://www.igluski.com/ski-resorts/austria/wagrain;AUSTRIA;850;2020;760;10;43
WESTENDORF;https://www.igluski.com/ski-resorts/austria/westendorf;AUSTRIA;801;1865;284;-1;90
WILDSCHONAU;https://www.igluski.com/ski-resorts/austria/wildschonau;AUSTRIA;830;2025;165;5;47
ZELL AM SEE;https://www.igluski.com/ski-resorts/austria/zell-am-see;AUSTRIA;758;3029;136;8;55
ZELL AM ZILLER;https://www.igluski.com/ski-resorts/austria/zell-am-ziller;AUSTRIA;580;2500;163;-1;50
ZURS AM ARLBERG;https://www.igluski.com/ski-resorts/austria/zurs-am-arlberg;AUSTRIA;1700;2450;276;-1;85
ALAGNA VALSESIA;https://www.igluski.com/ski-resorts/italy/alagna-valsesia;ITALY;1191;3260;213;8;5
ALLEGHE;https://www.igluski.com/ski-resorts/italy/alleghe;ITALY;979;2087;80;3;25
ANDALO;https://www.igluski.com/ski-resorts/italy/andalo;ITALY;1050;2125;60;7;19
ANTEY ST ANDRE;https://www.igluski.com/ski-resorts/italy/antey-st-andre;ITALY;1080;-1;-1;-1;-1
AOSTA;https://www.igluski.com/ski-resorts/italy/aosta;ITALY;1800;2752;70;6;12
APRICA;https://www.igluski.com/ski-resorts/italy/aprica;ITALY;1200;2310;40;-1;17
ARABBA;https://www.igluski.com/ski-resorts/italy/arabba;ITALY;1600;2950;1220;16;30
BARDONECCHIA;https://www.igluski.com/ski-resorts/italy/bardonecchia;ITALY;1312;2750;140;6;23
BORMIO;https://www.igluski.com/ski-resorts/italy/bormio;ITALY;1225;3012;70;14;12
BRUNICO;https://www.igluski.com/ski-resorts/italy/brunico;ITALY;900;2275;103;5;32
CAMPITELLO;https://www.igluski.com/ski-resorts/italy/campitello;ITALY;1448;2484;17;4;9
CANAZEI;https://www.igluski.com/ski-resorts/italy/canazei;ITALY;1460;2950;120;9;58
CAVALESE;https://www.igluski.com/ski-resorts/italy/cavalese;ITALY;1000;2600;70;6;10
CERVINIA;https://www.igluski.com/ski-resorts/italy/cervinia;ITALY;2050;3480;350;22;56
CHAMPOLUC;https://www.igluski.com/ski-resorts/italy/champoluc;ITALY;1570;3550;150;9;12
CLAVIERE;https://www.igluski.com/ski-resorts/italy/claviere;ITALY;1760;2823;400;6;12
CORTINA;https://www.igluski.com/ski-resorts/italy/cortina;ITALY;1224;3248;140;9;47
CORVARA/COLFOSCO;https://www.igluski.com/ski-resorts/italy/corvara-colfosco;ITALY;1568;3342;130;16;-1
COURMAYEUR;https://www.igluski.com/ski-resorts/italy/courmayeur;ITALY;1224;2763;100;20;16
FOLGARIA;https://www.igluski.com/ski-resorts/italy/folgaria;ITALY;1188;1750;76;4;22
FOLGARIDA;https://www.igluski.com/ski-resorts/italy/folgarida;ITALY;1300;2179;50;3;25
GRESSONEY;https://www.igluski.com/ski-resorts/italy/gressoney;ITALY;1637;3550;150;9;13
KRONPLATZ;https://www.igluski.com/ski-resorts/italy/kronplatz;ITALY;900;2275;103;5;32
LA THUILE;https://www.igluski.com/ski-resorts/italy/la-thuile;ITALY;1441;2579;150;11;36
LA VILLA;https://www.igluski.com/ski-resorts/italy/la-villa;ITALY;1433;2778;-1;8;-1
LIVIGNO;https://www.igluski.com/ski-resorts/italy/livigno;ITALY;1816;3000;115;4;32
MACUGNAGA;https://www.igluski.com/ski-resorts/italy/macugnaga;ITALY;1327;2970;38;7;12
MADESIMO;https://www.igluski.com/ski-resorts/italy/madesimo;ITALY;1550;2880;51;3;11
MADONNA DI CAMPIGLIO;https://www.igluski.com/ski-resorts/italy/madonna-di-campiglio;ITALY;1550;2580;150;8;47
ORTISEI/ST ULRICH;https://www.igluski.com/ski-resorts/italy/ortisei-st-ulrich;ITALY;1236;1450;176;8;-1
PASSO TONALE;https://www.igluski.com/ski-resorts/italy/passo-tonale;ITALY;1883;3010;100;7;30
PEJO;https://www.igluski.com/ski-resorts/italy/pejo;ITALY;1400;2400;16;-1;6
PILA;https://www.igluski.com/ski-resorts/italy/pila;ITALY;1800;2752;70;6;12
PINZOLO;https://www.igluski.com/ski-resorts/italy/pinzolo;ITALY;800;2100;30;-1;9
PRAGELATO;https://www.igluski.com/ski-resorts/italy/pragelato;ITALY;1534;2700;50;-1;6
PRATO NEVOSO;https://www.igluski.com/ski-resorts/italy/prato-nevoso;ITALY;1500;2092;90;4;-1
PREDAZZO;https://www.igluski.com/ski-resorts/italy/predazzo;ITALY;1018;2415;40;-1;17
SAN CANDIDO;https://www.igluski.com/ski-resorts/italy/san-candido;ITALY;1600;2500;93;11;32
SAN CASSIANO;https://www.igluski.com/ski-resorts/italy/san-cassiano;ITALY;1500;2800;1200;11;84
SANSICARIO;https://www.igluski.com/ski-resorts/italy/sansicario;ITALY;1700;2823;400;8;9
SANTA CATERINA;https://www.igluski.com/ski-resorts/italy/santa-caterina;ITALY;1738;2725;40;9;11
SANTA CRISTINA;https://www.igluski.com/ski-resorts/italy/santa-cristina;ITALY;1428;2518;175;5;80
SAUZE D'OULX;https://www.igluski.com/ski-resorts/italy/sauze-d-oulx;ITALY;1503;2840;400;6;89
SELVA VAL GARDENA;https://www.igluski.com/ski-resorts/italy/selva-val-gardena;ITALY;1563;2518;175;5;81
SESTRIERE;https://www.igluski.com/ski-resorts/italy/sestriere;ITALY;2035;2823;400;5;94
SIUSI;https://www.igluski.com/ski-resorts/italy/siusi;ITALY;1004;2254;70;-1;26
STREMBO;https://www.igluski.com/ski-resorts/italy/strembo;ITALY;800;2100;30;-1;7
VAL DI FASSA;https://www.igluski.com/ski-resorts/italy/val-di-fassa;ITALY;1460;2950;120;9;58
VALCHIAVENNA;https://www.igluski.com/ski-resorts/italy/valchiavenna;ITALY;-1;3000;-1;-1;11
VALTOURNENCHE;https://www.igluski.com/ski-resorts/italy/valtournenche;ITALY;1524;3480;200;22;30
VERSCIACO;https://www.igluski.com/ski-resorts/italy/versciaco;ITALY;1132;2200;53;4;27
ADELBODEN;https://www.igluski.com/ski-resorts/switzerland/adelboden;SWITZERLAND;1353;2350;170;7;56
ANDERMATT;https://www.igluski.com/ski-resorts/switzerland/andermatt;SWITZERLAND;1436;2963;120;4;11
ANZERE;https://www.igluski.com/ski-resorts/switzerland/anzere;SWITZERLAND;1500;2500;40;5;11
AROSA;https://www.igluski.com/ski-resorts/switzerland/arosa;SWITZERLAND;1800;2653;225;9;25
CHAMPERY;https://www.igluski.com/ski-resorts/switzerland/champery;SWITZERLAND;1050;2277;650;7;-1
CHAMPEX;https://www.igluski.com/ski-resorts/switzerland/champex;SWITZERLAND;1500;2200;15;-1;4
CRANS MONTANA;https://www.igluski.com/ski-resorts/switzerland/crans-montana;SWITZERLAND;1500;3000;140;12;28
DAVOS;https://www.igluski.com/ski-resorts/switzerland/davos;SWITZERLAND;1560;2844;307;12;52
ENGELBERG;https://www.igluski.com/ski-resorts/switzerland/engelberg;SWITZERLAND;1020;3020;82;12;27
FLIMS;https://www.igluski.com/ski-resorts/switzerland/flims;SWITZERLAND;1100;3018;220;14;-1
FLIMS LAAX;https://www.igluski.com/ski-resorts/switzerland/flims-laax;SWITZERLAND;1100;3018;235;14;27
GRIMENTZ;https://www.igluski.com/ski-resorts/switzerland/grimentz;SWITZERLAND;1570;3025;220;5;30
GRINDELWALD;https://www.igluski.com/ski-resorts/switzerland/grindelwald;SWITZERLAND;1034;2971;213;15;44
GSTAAD;https://www.igluski.com/ski-resorts/switzerland/gstaad;SWITZERLAND;1050;3000;250;17;-1
INTERLAKEN;https://www.igluski.com/ski-resorts/switzerland/interlaken;SWITZERLAND;594;3545;-1;-1;-1
KANDERSTEG;https://www.igluski.com/ski-resorts/switzerland/kandersteg;SWITZERLAND;1200;2000;10;-1;9
KLOSTERS;https://www.igluski.com/ski-resorts/switzerland/klosters;SWITZERLAND;1200;2844;307;12;52
LAUTERBRUNNEN;https://www.igluski.com/ski-resorts/switzerland/lauterbrunnen;SWITZERLAND;1;1;1;1;-1
LENZERHEIDE;https://www.igluski.com/ski-resorts/switzerland/lenzerheide;SWITZERLAND;1450;2865;225;11;48
LES DIABLERETS;https://www.igluski.com/ski-resorts/switzerland/les-diablerets;SWITZERLAND;1200;2971;220;14;74
LEUKERBAD;https://www.igluski.com/ski-resorts/switzerland/leukerbad;SWITZERLAND;1400;2740;50;-1;-1
LEYSIN;https://www.igluski.com/ski-resorts/switzerland/leysin;SWITZERLAND;1253;2200;60;6;-1
MÜRREN;https://www.igluski.com/ski-resorts/switzerland/murren;SWITZERLAND;1650;2971;53;12;17
NENDAZ;https://www.igluski.com/ski-resorts/switzerland/nendaz;SWITZERLAND;1350;3300;410;15;95
SAAS FEE;https://www.igluski.com/ski-resorts/switzerland/saas-fee;SWITZERLAND;1800;3600;100;9;36
SAMNAUN;https://www.igluski.com/ski-resorts/switzerland/samnaun;SWITZERLAND;1225;2875;238;14;48
SAVOGNIN;https://www.igluski.com/ski-resorts/switzerland/savognin;SWITZERLAND;1200;2713;80;12;13
SCUOL;https://www.igluski.com/ski-resorts/switzerland/scuol;SWITZERLAND;1250;2785;80;10;12
SIVIEZ;https://www.igluski.com/ski-resorts/switzerland/siviez;SWITZERLAND;1700;3330;410;16;95
ST MORITZ;https://www.igluski.com/ski-resorts/switzerland/st-moritz;SWITZERLAND;1770;3303;350;12;55
TAESCH;https://www.igluski.com/ski-resorts/switzerland/taesch;SWITZERLAND;1449;3820;150;17;33
TORGON;https://www.igluski.com/ski-resorts/switzerland/torgon;SWITZERLAND;2300;2350;650;6;206
VAL MUSTAIR;https://www.igluski.com/ski-resorts/switzerland/val-mustair;SWITZERLAND;1670;2700;25;4;5
VERBIER;https://www.igluski.com/ski-resorts/switzerland/verbier;SWITZERLAND;1500;3330;410;16;85
VEYSONNAZ;https://www.igluski.com/ski-resorts/switzerland/veysonnaz;SWITZERLAND;1470;2450;412;16;92
VILLARS;https://www.igluski.com/ski-resorts/switzerland/villars;SWITZERLAND;1300;2971;215;-1;-1
WENGEN;https://www.igluski.com/ski-resorts/switzerland/wengen;SWITZERLAND;1275;2971;213;15;40
ZERMATT;https://www.igluski.com/ski-resorts/switzerland/zermatt;SWITZERLAND;1620;3820;313;17;71
ZINAL;https://www.igluski.com/ski-resorts/switzerland/zinal;SWITZERLAND;1670;3025;220;9;52
ANDORRA LA VELLA;https://www.igluski.com/ski-resorts/andorra/andorra-la-vella;ANDORRA;1023;-1;-1;-1;-1
ARINSAL;https://www.igluski.com/ski-resorts/andorra/arinsal;ANDORRA;1550;2560;63;6;30
CANILLO;https://www.igluski.com/ski-resorts/andorra/canillo;ANDORRA;1530;2465;-1;-1;8
EL TARTER;https://www.igluski.com/ski-resorts/andorra/el-tarter;ANDORRA;1710;2640;210;9;67
ENCAMP;https://www.igluski.com/ski-resorts/andorra/encamp;ANDORRA;1300;2640;210;9;63
GRAU ROIG;https://www.igluski.com/ski-resorts/andorra/grau-roig;ANDORRA;2120;2640;210;9;67
LA MASSANA;https://www.igluski.com/ski-resorts/andorra/la-massana;ANDORRA;1550;2560;63;6;30
PAL;https://www.igluski.com/ski-resorts/andorra/pal;ANDORRA;1550;2560;63;6;30
PAS DE LA CASA;https://www.igluski.com/ski-resorts/andorra/pas-de-la-casa;ANDORRA;2050;2640;193;6;63
SOLDEU;https://www.igluski.com/ski-resorts/andorra/soldeu;ANDORRA;1800;2640;210;9;67
APEX;https://www.igluski.com/ski-resorts/canada/apex;CANADA;1581;2191;-1;5;4
BANFF;https://www.igluski.com/ski-resorts/canada/banff;CANADA;1380;2730;200;8;26
BIG WHITE;https://www.igluski.com/ski-resorts/canada/big-white;CANADA;1509;2318;105;7;15
FERNIE;https://www.igluski.com/ski-resorts/canada/fernie;CANADA;1065;1925;220;5;10
JASPER;https://www.igluski.com/ski-resorts/canada/jasper;CANADA;1065;2417;200;6;10
KICKING HORSE;https://www.igluski.com/ski-resorts/canada/kicking-horse;CANADA;1188;2448;70;8;-1
KIMBERLEY;https://www.igluski.com/ski-resorts/canada/kimberley;CANADA;1230;1981;-1;7;9
LAKE LOUISE;https://www.igluski.com/ski-resorts/canada/lake-louise;CANADA;1661;2637;200;8;26
LE MASSIF DE CHARLEVOIX;https://www.igluski.com/ski-resorts/canada/le-massif-de-charlevoix;CANADA;421;810;39;5;7
MARBLE MOUNTAIN;https://www.igluski.com/ski-resorts/canada/marble-mountain;CANADA;500;-1;-1;5;-1
MONT SAINTE ANNE;https://www.igluski.com/ski-resorts/canada/mont-sainte-anne;CANADA;175;800;-1;-1;13
PANORAMA;https://www.igluski.com/ski-resorts/canada/panorama;CANADA;1160;2380;-1;5;9
RED MOUNTAIN;https://www.igluski.com/ski-resorts/canada/red-mountain;CANADA;1185;2075;-1;7;7
REVELSTOKE;https://www.igluski.com/ski-resorts/canada/revelstoke;CANADA;512;2225;1263;15;5
SILVER STAR;https://www.igluski.com/ski-resorts/canada/silver-star;CANADA;1609;1915;-1;8;11
SUN PEAKS;https://www.igluski.com/ski-resorts/canada/sun-peaks;CANADA;1255;2152;-1;8;12
SUNSHINE VILLAGE;https://www.igluski.com/ski-resorts/canada/sunshine-village;CANADA;2160;2730;200;8;29
TREMBLANT;https://www.igluski.com/ski-resorts/canada/tremblant;CANADA;261;915;90;6;-1
WHISTLER;https://www.igluski.com/ski-resorts/canada/whistler;CANADA;675;2284;216;11;34
ALYESKA;https://www.igluski.com/ski-resorts/usa/alyeska;USA;250;2750;1;1;9
ASPEN;https://www.igluski.com/ski-resorts/usa/aspen;USA;2385;3790;184;7;42
BEAVER CREEK;https://www.igluski.com/ski-resorts/usa/beaver-creek;USA;2470;2485;-1;5;17
BIG MOUNTAIN;https://www.igluski.com/ski-resorts/usa/big-mountain;USA;1372;2135;-1;53;12
BIG SKY;https://www.igluski.com/ski-resorts/usa/big-sky;USA;2073;3403;136;10;32
BRECKENRIDGE;https://www.igluski.com/ski-resorts/usa/breckenridge;USA;2926;3914;240;6;29
BRETTON WOODS;https://www.igluski.com/ski-resorts/usa/bretton-woods;USA;487;944;-1;3;10
COPPER MOUNTAIN;https://www.igluski.com/ski-resorts/usa/copper-mountain;USA;2926;3767;101;5;22
CRESTED BUTTE;https://www.igluski.com/ski-resorts/usa/crested-butte;USA;2812;3648;-1;-1;-1
DEER VALLEY;https://www.igluski.com/ski-resorts/usa/deer-valley;USA;2003;2917;-1;4;21
DURANGO MOUNTAIN RESORT;https://www.igluski.com/ski-resorts/usa/durango-mountain-resort;USA;2680;3299;-1;-1;10
HEAVENLY;https://www.igluski.com/ski-resorts/usa/heavenly;USA;1067;3068;-1;8;28
HUNTER MOUNTAIN;https://www.igluski.com/ski-resorts/usa/hunter-mountain;USA;480;975;1;1;12
JACKSON HOLE;https://www.igluski.com/ski-resorts/usa/jackson-hole;USA;1925;3185;-1;7;13
KEYSTONE;https://www.igluski.com/ski-resorts/usa/keystone;USA;2835;3718;210;5;-1
KILLINGTON;https://www.igluski.com/ski-resorts/usa/killington;USA;323;1293;152;11;32
LAKE PLACID;https://www.igluski.com/ski-resorts/usa/lake-placid;USA;370;1417;80;2;11
LAKE TAHOE;https://www.igluski.com/ski-resorts/usa/lake-tahoe;USA;1962;3012;259;9;29
MAMMOTH;https://www.igluski.com/ski-resorts/usa/mammoth;USA;2424;3368;300;5;28
MT HOOD;https://www.igluski.com/ski-resorts/usa/mt-hood;USA;1378;2225;1;5;14
NEW HAMPSHIRE;https://www.igluski.com/ski-resorts/usa/new-hampshire;USA;1;1;1;1;-1
NORTHSTAR AT TAHOE;https://www.igluski.com/ski-resorts/usa/northstar-at-tahoe;USA;1930;2625;-1;2;16
PARK CITY;https://www.igluski.com/ski-resorts/usa/park-city;USA;2104;3048;140;6;15
SNOWBIRD;https://www.igluski.com/ski-resorts/usa/snowbird;USA;2470;3350;-1;5;11
SNOWMASS;https://www.igluski.com/ski-resorts/usa/snowmass;USA;2473;3813;-1;8;21
SQUAW VALLEY;https://www.igluski.com/ski-resorts/usa/squaw-valley;USA;1962;3012;782;9;-1
STEAMBOAT;https://www.igluski.com/ski-resorts/usa/steamboat;USA;2070;3150;105;5;22
STOWE;https://www.igluski.com/ski-resorts/usa/stowe;USA;321;1200;65;6;-1
SUGARLOAF;https://www.igluski.com/ski-resorts/usa/sugarloaf;USA;472;1412;1;3;13
SUN VALLEY;https://www.igluski.com/ski-resorts/usa/sun-valley;USA;5750;9150;-1;5;18
SUNDANCE;https://www.igluski.com/ski-resorts/usa/sundance;USA;1859;2515;-1;1;5
SUNDAY RIVER;https://www.igluski.com/ski-resorts/usa/sunday-river;USA;238;957;76;5;18
Skiing in USA;https://www.igluski.com/ski-resorts/usa/taos;;-1;-1;-1;-1;-1
TELLURIDE;https://www.igluski.com/ski-resorts/usa/telluride;USA;2908;3735;-1;7;16
THE CANYONS;https://www.igluski.com/ski-resorts/usa/the-canyons;USA;2073;3045;-1;5;41
VAIL;https://www.igluski.com/ski-resorts/usa/vail;USA;2475;3427;317;5;33
WHITEFISH;https://www.igluski.com/ski-resorts/usa/whitefish;USA;1361;2078;-1;3;14
WINTER PARK;https://www.igluski.com/ski-resorts/usa/winter-park;USA;2743;3676;200;8;21
BANSKO;https://www.igluski.com/ski-resorts/bulgaria/bansko;BULGARIA;935;2560;70;16;24
BOROVETS;https://www.igluski.com/ski-resorts/bulgaria/borovets;BULGARIA;1390;2600;58;12;18
PAMPOROVO;https://www.igluski.com/ski-resorts/bulgaria/pamporovo;BULGARIA;1650;1926;18;4;19
BAQUEIRA;https://www.igluski.com/ski-resorts/spain/baqueira;SPAIN;1500;2510;160;-1;33
FORMIGAL;https://www.igluski.com/ski-resorts/spain/formigal;SPAIN;1145;2250;176;4;21
SIERRA NEVADA;https://www.igluski.com/ski-resorts/spain/sierra-nevada;SPAIN;2100;3300;106;6;22
ÅRE;https://www.igluski.com/ski-resorts/sweden/are;SWEDEN;380;1274;97;7;44
PAJALA;https://www.igluski.com/ski-resorts/sweden/pajala;SWEDEN;-1;-1;-1;-1;-1
BEITOSTOLEN;https://www.igluski.com/ski-resorts/norway/beitostolen;NORWAY;900;1107;20;2;9
GEILO;https://www.igluski.com/ski-resorts/norway/geilo;NORWAY;800;1173;28;2;-1
HEMSEDAL;https://www.igluski.com/ski-resorts/norway/hemsedal;NORWAY;800;1450;45;6;20
Skiing in Norway;https://www.igluski.com/ski-resorts/norway/kvitfjell;;-1;-1;-1;-1;-1
OSLO WINTERPARK;https://www.igluski.com/ski-resorts/norway/oslo-winterpark;NORWAY;400;531;-1;2;12
TRYSIL;https://www.igluski.com/ski-resorts/norway/trysil;NORWAY;351;1100;75;5;36
VOSS;https://www.igluski.com/ski-resorts/norway/voss;NORWAY;-1;-1;40;-1;11
ISO-SYOTE;https://www.igluski.com/ski-resorts/finland/iso-syote;FINLAND;240;240;1;1;-1
LAPLAND;https://www.igluski.com/ski-resorts/finland/lapland;FINLAND;1300;-1;-1;-1;-1
LEVI;https://www.igluski.com/ski-resorts/finland/levi;FINLAND;200;530;44;2;27
LUOSTO;https://www.igluski.com/ski-resorts/finland/luosto;FINLAND;250;485;7;2;4
PYHA;https://www.igluski.com/ski-resorts/finland/pyha;FINLAND;280;500;80;2;9
RUKA;https://www.igluski.com/ski-resorts/finland/ruka;FINLAND;291;492;24;1;26
SAARISELKA;https://www.igluski.com/ski-resorts/finland/saariselka;FINLAND;180;-1;20;2;5
SALLA;https://www.igluski.com/ski-resorts/finland/salla;FINLAND;213;443;10;1;6
TAHKO;https://www.igluski.com/ski-resorts/finland/tahko;FINLAND;200;-1;35;1;12
YLLAS;https://www.igluski.com/ski-resorts/finland/yllas;FINLAND;719;-1;-1;3;29
FURANO;https://www.igluski.com/ski-resorts/japan/furano;JAPAN;230;1209;32;4;11
HAKUBA;https://www.igluski.com/ski-resorts/japan/hakuba;JAPAN;760;1831;250;8;120
KIRORO;https://www.igluski.com/ski-resorts/japan/kiroro;JAPAN;570;1180;32;4;9
NISEKO;https://www.igluski.com/ski-resorts/japan/niseko;JAPAN;280;1170;48;5;38
RUSUTSU;https://www.igluski.com/ski-resorts/japan/rusutsu;JAPAN;400;994;42;4;25
SAHORO;https://www.igluski.com/ski-resorts/japan/sahoro;JAPAN;420;1030;-1;3;9
POIANA BRASOV;https://www.igluski.com/ski-resorts/romania/poiana-brasov;ROMANIA;1050;1800;14;-1;9
BLED/BOHINJ;https://www.igluski.com/ski-resorts/slovenia/bled-bohinj;SLOVENIA;503;1800;60;9;17
KRANJSKA GORA;https://www.igluski.com/ski-resorts/slovenia/kranjska-gora;SLOVENIA;809;1570;30;2;17
TATRAS;https://www.igluski.com/ski-resorts/slovakia/tatras;SLOVAKIA;888;2196;99;-1;8
KOPAONIK;https://www.igluski.com/ski-resorts/serbia/kopaonik;SERBIA;1770;2017;60;4;-1